label,baseline,perf/a,perf/b
f1f4c68731,1.68252073291892,18.48788511498136,28.398888310290467
e8f150f8d0,1.5359040656480434,17.601971349259365,28.243926621668596
2f6df9b9b7,1.3470291146119675,17.57936784960569,28.34252271415323
60c0e8194f,1.4666786753708274,17.559577075759698,27.76351936994172