label,baseline,perf/a,perf/b
e3e755d17d,0.5786034939005645,4.833100232853919,7.443960715380243
c0251ea41f,1.4706713179398083,5.908276495889907,9.236181934405773
156807007b,0.40935575474398594,5.577915364549673,8.82058527772661
f1f4c68731,1.68252073291892,18.48788511498136,28.398888310290467