version,baseline,perf/a,perf/b
e3e755d17d,0.5786034939005645,4.833100232853919,7.443960715380243