label,baseline,perf/a,perf/b
0.41.0,0.7347784373689786,17.12700800000001,23.615552000000008
0.42.0-dev,0.7337029565142492,16.684791000000004,23.24553900000003
0.39.0,1.5119224747038906,47.53639999999983,56.710063999999846