label,baseline,perf/a,perf/b,perf/expensive
0.38.1,1.3002225542454913,35.811330000000005,48.33030500000002,350.42986599999904
0.41.0,1.001594012708633,29.20792400000004,38.07617899999999,219.57781300000036