label,baseline,perf/a,perf/b
0.39.0,1.5119224747038906,47.53639999999983,56.710063999999846
0.40.0,2.142511324258835,31.54817899999989,45.76311399999993