label,baseline,perf/a,perf/b
0.39.0,1.5119224747038906,47.53639999999983,56.710063999999846