label,baseline,perf/a,perf/b
0.38.1,1.4219413972910926,22.156185999999988,31.33975900000002
0.39.0,1.5119224747038906,47.53639999999983,56.710063999999846
0.40.0,2.142511324258835,31.54817899999989,45.76311399999993
0.41.0,1.5648758168908372,31.970060999999927,44.82805499999999