label,baseline,perf/a,perf/b,perf/expensive
0.38.1,1.3002225542454913,35.811330000000005,48.33030500000002,350.42986599999904